"playlist_name	playlist_owner_name	playlist_owner_url	number_track	playlist_posted_time	playlist_likes",,,,
"musicas relaxantes	lihcogine	https://soundcloud.com/eliana-cogine	49	2015-04-09	178K",,,,
"Favorites	Yeonkkot	https://soundcloud.com/yeonkkot	15	2017-08-19	17K",,,,
"jazzhip 7	soo	https://soundcloud.com/yourparadis	45	2019-03-02	110K",,,,
"Chill out	Juneau the Zookeeper	https://soundcloud.com/juneau713	182	2019-01-05	8",665,,,
"Morning Chillout	Mighty	https://soundcloud.com/mightyj-1	98	2020-06-30	90.1K",,,,
"Never Chill Before	Pineapple Express.	https://soundcloud.com/bi-s-n-3	38	2016-06-01	237K",,,,
"Chill Mix(High On Chill)	LukasM	https://soundcloud.com/lukasm1	37	2017-05-03	194K",,,,
"The Last Chillstep Playlist You'll Ever Need (8Tracks)	Adrien Brunelat	https://soundcloud.com/adrien-brunelat	76	2015-01-27	73.6K",,,,
"a chilly autumn day	User 101682266	https://soundcloud.com/tb3dvuqu1ugs	15	2019-10-26	4",938,,,
"| Chill | Lofi | Hip Hop |	helennpham	https://soundcloud.com/helennpham	122	2017-10-28	70.3K",,,,
"Morning	Yeonkkot	https://soundcloud.com/yeonkkot	29	2017-12-22	47.9K",,,,
"Chillax Mood	J e z i k a ‚ô°	https://soundcloud.com/its-jezika-bruh	20	2014-09-22	146K",,,,
"Chill Out 2018	Thiago Silva 365	https://soundcloud.com/thiago-silva-394	33	2018-02-03	83.8K",,,,
"jazzy night 2	User 101682266	https://soundcloud.com/tb3dvuqu1ugs	15	2019-10-04	29K",,,,
"GLITCHED LOVE	Blanc de Noir	https://soundcloud.com/blanc_de_noir	28	2017-11-23	31K",,,,
"Best Of MrRevillz	ilyana azman	https://soundcloud.com/ilyanaazman	134	2017-05-01	91.1K",,,,
"rainyday chill	soo	https://soundcloud.com/yourparadis	25	2019-06-17	17.9K",,,,
"Iced Coffee	Yeonkkot	https://soundcloud.com/yeonkkot	29	2017-04-03	49.6K",,,,
"Breeze	Yeonkkot	https://soundcloud.com/yeonkkot	25	2017-05-02	74.9K",,,,
"jazzy night	User 101682266	https://soundcloud.com/tb3dvuqu1ugs	14	2019-08-18	30.7K",,,,
Study, Chill, Relax," Gaming ~ Audible Adderall #15	MugaTunes	https://soundcloud.com/mugatunesofficial	60	2018-10-16	13.7K",
"sweet summer night	User 101682266	https://soundcloud.com/tb3dvuqu1ugs	21	2019-07-20	19K",,,,
"Chill 2018	Playlists Daily	https://soundcloud.com/partyplaylists69	50	2018-10-28	9",692,,,
"Emotive 10 (chilled)	Ric	https://soundcloud.com/riccardo2707	33	2017-01-04	14.1K",,,,
"Jazz hip	soo	https://soundcloud.com/yourparadis	14	2017-11-12	84.4K",,,,
"lofi/sleep	repaintable	https://soundcloud.com/yourwaifusad	170	2019-05-09	81.7K",,,,
"Lofi?... again?	Perfect	https://soundcloud.com/perfectmsc	30	2020-05-14	3",221,,,
"Oct. Lo-fi	ilovehanriver	https://soundcloud.com/hanriverlove	28	2020-10-21	384",,,,
Study, Chill, Relax," Gaming ~ Audible Adderall #10	MugaTunes	https://soundcloud.com/mugatunesofficial	49	2016-10-10	8",504
"the end of the fucking world	extratwithsugar	https://soundcloud.com/user-sweett	91	2018-01-13	17.4K",,,,
"Electro Pos√© l Best Of September - October 2017	Electro Pos√©	https://soundcloud.com/electropose	32	2017-11-01	4",791,,,
"Chill	Yeonkkot	https://soundcloud.com/yeonkkot	31	2017-03-30	34.7K",,,,
"Wander | A Chill Mix (By: Koala Kontrol)	Fusion Music	https://soundcloud.com/wefusionmusic	16	2016-05-26	42.3K",,,,
"Gentle Dreams üõèÔ∏è - An Indie/Chill/Electronic Playlist	alexrainbirdMusic	https://soundcloud.com/alexrainbirdmusic	18	2017-05-13	120K",,,,
"Rainy Day	so.phree	https://soundcloud.com/sdoukas	23	2016-11-30	39.7K",,,,
"Liliy	grasia	https://soundcloud.com/user-445069339	49	2019-06-19	2",138,,,
"Study & Chill | Lofi Hiphop	the bootleg boy	https://soundcloud.com/dabootlegboy	21	2018-09-03	84.9K",,,,
"english	music	https://soundcloud.com/mohammad-shuvo-910800399	21	2018-10-11	2",273,,,
"Sad Slowed	jazmine.nicolas	https://soundcloud.com/user-267115463	74	2020-07-16	253",,,,
"Study Electronic Chill	Randy Gerard C R	https://soundcloud.com/randy-gerard-c-r	38	2013-11-09	10.3K",,,,
"Electro Pos√© l Best Of March 2016	Electro Pos√©	https://soundcloud.com/electropose	17	2016-03-28	17.4K",,,,
"Chill	JERICHO	https://soundcloud.com/iijeriichoii	38	2016-11-15	8",780,,,
"Weekly Chill Playlist Volume 11	Thissongissick.com	https://soundcloud.com/nickraymondg	20	2017-05-02	7",238,,,
"sleepy	stella rae	https://soundcloud.com/stellaraee	79	2014-11-12	18.4K",,,,
"Lo-Fi Hip Hop	J. Fronze	https://soundcloud.com/fransdans	47	2017-01-14	12.4K",,,,
"hold this	sketshori	https://soundcloud.com/sketshori	25	2017-03-24	23.2K",,,,
"TheSoundYouNeed	ilyana azman	https://soundcloud.com/ilyanaazman	67	2017-10-22	40.4K",,,,
"CHILL GOOD BEATS (By Ramune „É©„É†„Éç)	Kbab	https://soundcloud.com/thomas-warin-kbab	17	2017-06-13	15K",,,,
"STUDY	mcatiu	https://soundcloud.com/bukopan	53	2017-01-09	3",943,,,
"I'm Not My Past | Lofi HipHop | Mix	VerselMix	https://soundcloud.com/musictobechill	14	2019-08-21	1",717,,,
"Best of Deep House (Vol. 02)	Westcoast Radio (EDM)	https://soundcloud.com/digitalstreams	30	2017-07-01	120K",,,,
"Grooveey danceyy	*seba*	https://soundcloud.com/sebaalomar	67	2015-12-14	184K",,,,
"Best Of Chill Nation	ilyana azman	https://soundcloud.com/ilyanaazman	119	2017-05-10	211K",,,,
"T-4 Techno	Westcoast Radio (EDM)	https://soundcloud.com/digitalstreams	30	2017-07-28	47.1K",,,,
"Best Of MrRevillz	ilyana azman	https://soundcloud.com/ilyanaazman	134	2017-05-01	91.1K",,,,
"Ja feel Tomorrowland Weekender	Ja feel	https://soundcloud.com/jafeel	22	2015-07-24	211K",,,,
"Best Of MrSuicideSheep	ilyana azman	https://soundcloud.com/ilyanaazman	46	2018-11-28	13.1K",,,,
"Best Electro of All-Time (Vol. 01)	Westcoast Radio (EDM)	https://soundcloud.com/digitalstreams	40	2019-07-05	13K",,,,
"Burning Man	Westcoast Radio (EDM)	https://soundcloud.com/digitalstreams	51	2018-03-02	7",382,,,
"Best Of Trap Nation	ilyana azman	https://soundcloud.com/ilyanaazman	143	2017-11-27	93.1K",,,,
"Best of Saxxy House (2020)	Westcoast Radio (EDM)	https://soundcloud.com/digitalstreams	40	2015-10-25	51K",,,,
"Party 2018	Playlists Daily	https://soundcloud.com/partyplaylists69	46	2018-10-28	66K",,,,
"Summer 2k17	lilly manning	https://soundcloud.com/user-610681392	102	2017-05-25	150K",,,,
"Best Of Trap City	ilyana azman	https://soundcloud.com/ilyanaazman	78	2017-08-24	18.3K",,,,
"Best of Tech House (2020)	Westcoast Radio (EDM)	https://soundcloud.com/digitalstreams	30	2016-01-26	42.4K",,,,
"Best of Trap & Bass	Westcoast Radio	https://soundcloud.com/westcoastradiotv	31	2015-05-23	44.4K",,,,
"Best 90s Dance Hits	Westcoast Radio (EDM)	https://soundcloud.com/digitalstreams	36	2017-03-16	20.9K",,,,
"new beginnings	ellamaley	https://soundcloud.com/ellamaley	47	2017-05-04	56K",,,,
"Best of Progressive Tech House	Westcoast Radio (EDM)	https://soundcloud.com/digitalstreams	30	2019-11-27	5",850,,,
"Best Rap Classics (All-Time)	Digital Records	https://soundcloud.com/officialdigitalrecords	30	2016-12-23	26.8K",,,,
"YNM#4	ARA	https://soundcloud.com/teamdr	41	2016-05-09	12.7K",,,,
"Best EDM of 2020 (All-Time)	Westcoast Radio (EDM)	https://soundcloud.com/digitalstreams	50	2017-12-04	20.1K",,,,
"Summer Vibes	ilovehanriver	https://soundcloud.com/hanriverlove	18	2020-04-13	2",721,,,
"Best of House Music (Vol. 01)	Westcoast Radio (EDM)	https://soundcloud.com/digitalstreams	30	2015-02-22	79.7K",,,,
"TheSoundYouNeed	ilyana azman	https://soundcloud.com/ilyanaazman	67	2017-10-22	40.4K",,,,
"Best Of 2017	Case Of The Mondays	https://soundcloud.com/tannerstunes	49	2017-12-31	84.1K",,,,
"Best Of Chill City	ilyana azman	https://soundcloud.com/ilyanaazman	37	2017-06-09	20.4K",,,,
"HotSummerNights	ilovehanriver	https://soundcloud.com/hanriverlove	23	2020-07-30	1",66,,,
"Best Chill Trap	Westcoast Radio (EDM)	https://soundcloud.com/digitalstreams	32	2017-08-25	91.3K",,,,
"Best Of House Nation	ilyana azman	https://soundcloud.com/ilyanaazman	38	2017-08-17	9",860,,,
"chill your mind	User 101682266	https://soundcloud.com/tb3dvuqu1ugs	15	2019-07-26	4",322,,,
"SUMMER 19	lilly manning	https://soundcloud.com/user-610681392	35	2019-07-03	3",598,,,
"New year bitches	Sugandh Arora	https://soundcloud.com/sugandh-arora-446014047	16	2016-12-31	8",889,,,
"#1 TRAP Workout	Westcoast Radio (EDM)	https://soundcloud.com/digitalstreams	40	2015-11-18	8",286,,,
"Party Playlistüëë	Ben Bartlett	https://soundcloud.com/ben-bartlett-275264047	50	2016-10-16	7",44,,,
"YNM#28	ARA	https://soundcloud.com/teamdr	16	2019-05-10	2",716,,,
"BangerZ Weekly 07	BangerZ	https://soundcloud.com/bangerzinc	40	2017-05-12	8",620,,,
"At The Moment 13	Modern Manners	https://soundcloud.com/modern_manners	15	2018-12-07	1",795,,,
"My Party Be Like..	J e z i k a ‚ô°	https://soundcloud.com/its-jezika-bruh	39	2014-09-12	4",132,,,
"Best Of TheFatRat	ilyana azman	https://soundcloud.com/ilyanaazman	42	2017-11-08	4",81,,,
"Too Future. Thursdays Vol. 190	Too Future.	https://soundcloud.com/toofutureshop	24	2018-01-18	2",297,,,
"Greek Week	Matt_Wilkinson	https://soundcloud.com/matt-wilkinson-4	36	2017-03-28	12K",,,,
"Ja feel Coachella Weekender	Ja feel	https://soundcloud.com/jafeel	28	2016-04-15	7",948,,,
"House playlist	Nat Palin	https://soundcloud.com/nat-palin	73	2016-12-19	9",284,,,
"You're welcome	Matt Raith	https://soundcloud.com/mr11169	69	2016-10-13	7",125,,,
"YNM#26	ARA	https://soundcloud.com/teamdr	16	2018-11-11	1",161,,,
"Friday MixTape #330	AcidStag	https://soundcloud.com/acidstag	14	2017-05-19	3",562,,,
"Best #Number 1 Workout Playlist--#2	PartyYoniMonsta	https://soundcloud.com/partyyonimonsta	27	2014-11-04	17.5K",,,,
"hoco	emilymalacane	https://soundcloud.com/emilymalacane	44	2015-10-14	9",273,,,
"YNM#23	ARA	https://soundcloud.com/teamdr	15	2017-10-21	2",999,,,
"Relaxing Sunday Mornings ‚òï - An Indie/Folk/Pop Playlist | Vol. 1	alexrainbirdMusic	https://soundcloud.com/alexrainbirdmusic	16	2017-04-15	59.9K",,,,
"Jazz hip 4	soo	https://soundcloud.com/yourparadis	36	2018-11-23	90.4K",,,,
"jazzhip 7	soo	https://soundcloud.com/yourparadis	45	2019-03-02	110K",,,,
"Morning Chillout	Mighty	https://soundcloud.com/mightyj-1	98	2020-06-30	90.1K",,,,
"meditation	Rehan Khan 55	https://soundcloud.com/rehan-khan-55	12	2017-01-04	126K",,,,
Study, Chill, Relax," Gaming ~ Audible Adderall #14	MugaTunes	https://soundcloud.com/mugatunesofficial	65	2018-08-27	69.6K",
"As Beautiful As It Sounds	Indiemono	https://soundcloud.com/user-961145082	39	2015-12-04	60.3K",,,,
"Ambient piano	Agamidae	https://soundcloud.com/agamidae	14	2016-02-04	132K",,,,
"Jazz hip3	soo	https://soundcloud.com/yourparadis	26	2018-08-12	13.1K",,,,
"Lo-Fi Vietnam Chill	Winter. Hi Hii Hiii	https://soundcloud.com/winterhihiihiii	52	2019-09-10	12.2K",,,,
"lofi 4 studying	suri	https://soundcloud.com/suricolbert	88	2017-02-20	72.6K",,,,
"Breeze	Yeonkkot	https://soundcloud.com/yeonkkot	25	2017-05-02	74.9K",,,,
"Sleep	Kyler Smith1	https://soundcloud.com/kyler-smith1	45	2017-04-01	111K",,,,
"Easy Sundays	Indiemono	https://soundcloud.com/user-961145082	41	2016-04-23	7",739,,,
"chilling	2œò.	https://soundcloud.com/seven75-1	79	2015-06-25	27K",,,,
"Relax '‚ô°'	ReH√†√ü ‚ô™‚ô™	https://soundcloud.com/rehab-mohammed	50	2017-01-19	64.4K",,,,
"Jazz hip	soo	https://soundcloud.com/yourparadis	14	2017-11-12	84.4K",,,,
"Instrumental 7 - Flow	Agamidae	https://soundcloud.com/agamidae	19	2016-07-21	34.7K",,,,
"You are my autumn	ilovehanriver	https://soundcloud.com/hanriverlove	22	2020-09-03	1",349,,,
"jazzy night 2	User 101682266	https://soundcloud.com/tb3dvuqu1ugs	15	2019-10-04	29K",,,,
"jazzy night	User 101682266	https://soundcloud.com/tb3dvuqu1ugs	14	2019-08-18	30.7K",,,,
"rainyday chill	soo	https://soundcloud.com/yourparadis	25	2019-06-17	17.9K",,,,
"Chillax Mood	J e z i k a ‚ô°	https://soundcloud.com/its-jezika-bruh	20	2014-09-22	146K",,,,
"Pan flute & meditation	user981988899	https://soundcloud.com/user981988899	32	2016-03-17	11.3K",,,,
"winter jazz	User 101682266	https://soundcloud.com/tb3dvuqu1ugs	15	2019-12-22	3",247,,,
"Chillstep / Deephouse	Max__xD	https://soundcloud.com/max-xd-3	28	2016-10-04	18.6K",,,,
"The Last Chillstep Playlist You'll Ever Need (8Tracks)	Adrien Brunelat	https://soundcloud.com/adrien-brunelat	76	2015-01-27	73.7K",,,,
"beauty inside	soo	https://soundcloud.com/yourparadis	21	2019-01-29	12.8K",,,,
"sweet summer night	User 101682266	https://soundcloud.com/tb3dvuqu1ugs	21	2019-07-20	19K",,,,
"Bed Bug Classic #2	Egemannen	https://soundcloud.com/egemannen	15	2014-12-08	45.8K",,,,
"CHILL VIBES	3sUP	https://soundcloud.com/3sup	93	2015-09-08	157K",,,,
"Jazz hip 6	soo	https://soundcloud.com/yourparadis	20	2018-12-11	42.9K",,,,
"lofi/sleep	repaintable	https://soundcloud.com/yourwaifusad	170	2019-05-09	81.7K",,,,
"Sad/Sleep songs	Marcelinethevampirequeen	https://soundcloud.com/freedskiers	11	2015-11-09	91.6K",,,,
"a chilly autumn day	User 101682266	https://soundcloud.com/tb3dvuqu1ugs	15	2019-10-26	4",943,,,
"paradise	soo	https://soundcloud.com/yourparadis	33	2018-08-18	4",941,,,
"After Party	Alcides Augusto	https://soundcloud.com/alcides-augusto-948527436	17	2017-04-03	3",818,,,
"Indie/Pop/Folk - June 2018 (alexrainbirdMusic)	alexrainbirdMusic	https://soundcloud.com/alexrainbirdmusic	19	2018-05-24	3",75,,,
"Chill	Yeonkkot	https://soundcloud.com/yeonkkot	31	2017-03-30	34.7K",,,,
Naruto | Chill Trap," Lofi Hip Hop Mix	ilyana azman	https://soundcloud.com/ilyanaazman	42	2018-08-19	10.4K",,,
"Rainy Day	so.phree	https://soundcloud.com/sdoukas	23	2016-11-30	39.7K",,,,
"Best of Saxxy House (2020)	Westcoast Radio (EDM)	https://soundcloud.com/digitalstreams	40	2015-10-25	51K",,,,
"Calm Night Sky	MrTeddy	https://soundcloud.com/mrteddy_us	19	2015-03-30	18.7K",,,,
"chill lo-fi	ilyana azman	https://soundcloud.com/ilyanaazman	25	2018-08-16	8",917,,,
"Emotive 10 (chilled)	Ric	https://soundcloud.com/riccardo2707	33	2017-01-04	14.1K",,,,
"Rainy Days	SoiledLegs	https://soundcloud.com/soiledlegs	15	2015-05-18	8",577,,,
"Feeling U Feeling Me xx	isabella	https://soundcloud.com/isabellaamente	26	2015-10-13	9",659,,,
"with you	soo	https://soundcloud.com/yourparadis	22	2019-04-12	2",678,,,
"Late Night Lofi	ilyana azman	https://soundcloud.com/ilyanaazman	42	2017-08-14	35.4K",,,,
"sing you to sleep	rayfair	https://soundcloud.com/rayfair	9	2015-03-11	31.5K",,,,
"Piano Deep Concentration	Nitza Md	https://soundcloud.com/nitza-md	49	2016-04-07	108K",,,,
"lofi 4 studying	suri	https://soundcloud.com/suricolbert	88	2017-02-20	72.6K",,,,
"Instrumental - Patterns	Agamidae	https://soundcloud.com/agamidae	38	2016-01-30	71.1K",,,,
"Jazz hip 4	soo	https://soundcloud.com/yourparadis	36	2018-11-23	90.4K",,,,
"Stella's Coffee House	Mah	https://soundcloud.com/mzn665	47	2016-02-17	130K",,,,
Study, Chill, Relax," Gaming ~ Audible Adderall #14	MugaTunes	https://soundcloud.com/mugatunesofficial	65	2018-08-27	69.6K",
"Winter Night Jazz	ilovehanriver	https://soundcloud.com/hanriverlove	18	2019-10-31	4",46,,,
"concentrating classic	lolovvveee2	https://soundcloud.com/lolollov2	14	2018-09-11	27.8K",,,,
"Lofi	weeby	https://soundcloud.com/user-692461400	153	2017-03-08	15.2K",,,,
"Beautiful Sounds	BellaMendes	https://soundcloud.com/ellaendes	50	2015-06-08	51.5K",,,,
"Jazz hip 6	soo	https://soundcloud.com/yourparadis	20	2018-12-11	42.9K",,,,
"Breeze	Yeonkkot	https://soundcloud.com/yeonkkot	25	2017-05-02	74.9K",,,,
"Winter Night Jazz #2	ilovehanriver	https://soundcloud.com/hanriverlove	26	2019-11-02	7",476,,,
"CHILL STUDY VIBES	alkhaw	https://soundcloud.com/alkhaw	28	2017-03-10	89.2K",,,,
"Ambient piano	Agamidae	https://soundcloud.com/agamidae	14	2016-02-04	132K",,,,
"Jazz hip	soo	https://soundcloud.com/yourparadis	14	2017-11-12	84.4K",,,,
"Favorites	Yeonkkot	https://soundcloud.com/yeonkkot	54	2017-08-19	17K",,,,
Study, Chill, Relax," Gaming ~ Audible Adderall #7	MugaTunes	https://soundcloud.com/mugatunesofficial	56	2016-04-04	57.5K",
Study, Chill, Relax," Gaming ~ Audible Adderall #10	MugaTunes	https://soundcloud.com/mugatunesofficial	49	2016-10-10	8",505
Study, Chill, Relax," Gaming ~ Audible Adderall #15	MugaTunes	https://soundcloud.com/mugatunesofficial	60	2018-10-16	13.7K",
Read more," Write more	Ulana	https://soundcloud.com/itsulana	25	2015-10-24	39K",,,
"Instrumental 7 - Flow	Agamidae	https://soundcloud.com/agamidae	19	2016-07-21	34.7K",,,,
"Morning	Yeonkkot	https://soundcloud.com/yeonkkot	29	2017-12-22	47.9K",,,,
"Study & Chill | Lofi Hiphop	the bootleg boy	https://soundcloud.com/dabootlegboy	21	2018-09-03	84.9K",,,,
"STUDY·É¶	Gravitation	https://soundcloud.com/gravitation17	14	2017-01-16	8",881,,,
"Best of Deep House (Vol. 02)	Westcoast Radio (EDM)	https://soundcloud.com/digitalstreams	30	2017-07-01	120K",,,,
"jazzy night	User 101682266	https://soundcloud.com/tb3dvuqu1ugs	14	2019-08-18	30.7K",,,,
"Tropixaton | Finals Antidote vol. 3	GoodVibesOnly	https://soundcloud.com/thegvofund	81	2017-05-01	40.6K",,,,
"the best fucking revision playlist ever	e m i l y c h	https://soundcloud.com/emlayting	55	2015-04-14	9",759,,,
"The Last Chillstep Playlist You'll Ever Need (8Tracks)	Adrien Brunelat	https://soundcloud.com/adrien-brunelat	76	2015-01-27	73.7K",,,,
"Music For Concentration	Tracklist	https://soundcloud.com/user-221702713	21	2016-08-26	23.9K",,,,
"You are my autumn	ilovehanriver	https://soundcloud.com/hanriverlove	22	2020-09-03	1",349,,,
"beauty inside	soo	https://soundcloud.com/yourparadis	21	2019-01-29	12.7K",,,,
"ritalin induced music taste	knysna	https://soundcloud.com/knysnajjmg	73	2017-01-13	7",455,,,
"Spring's Coming	Yeonkkot	https://soundcloud.com/yeonkkot	22	2017-03-17	26.8K",,,,
"Study	katardios	https://soundcloud.com/katardios	12	2019-08-05	1",411,,,
"Epic Heights	Agamidae	https://soundcloud.com/agamidae	19	2016-04-19	5",12,,,
"Instrumental 6 - Swirling	Agamidae	https://soundcloud.com/agamidae	15	2016-07-05	16K",,,,
"Study Electronic Chill	Randy Gerard C R	https://soundcloud.com/randy-gerard-c-r	38	2013-11-09	10.3K",,,,
"Chill	Yeonkkot	https://soundcloud.com/yeonkkot	31	2017-03-30	34.7K",,,,
"STUDY	mcatiu	https://soundcloud.com/bukopan	53	2017-01-09	3",944,,,
"Rainy Day	so.phree	https://soundcloud.com/sdoukas	23	2016-11-30	39.7K",,,,
"Late Night Lofi	ilyana azman	https://soundcloud.com/ilyanaazman	42	2017-08-14	35.4K",,,,
"Study Playlist // November	mskathyhoang	https://soundcloud.com/mskathyhoang	17	2015-11-08	2",644,,,
"Study 2018	Playlists Daily	https://soundcloud.com/partyplaylists69	40	2018-10-28	4",809,,,
"Best Of MrSuicideSheep	ilyana azman	https://soundcloud.com/ilyanaazman	46	2018-11-28	13.1K",,,,
"Fuck Finals	Greg Korngut	https://soundcloud.com/greg-korngut	39	2015-12-06	6",167,,,
"Best of Saxxy House (2020)	Westcoast Radio (EDM)	https://soundcloud.com/digitalstreams	40	2015-10-25	51K",,,,
"Best Chill Trap	Westcoast Radio (EDM)	https://soundcloud.com/digitalstreams	32	2017-08-25	91.3K",,,,
"The perfect hour (8Tracks)	Adrien Brunelat	https://soundcloud.com/adrien-brunelat	12	2015-07-02	1",523,,,
"Best Of Chill Nation	ilyana azman	https://soundcloud.com/ilyanaazman	119	2017-05-10	211K",,,,
"T-4 Techno	Westcoast Radio (EDM)	https://soundcloud.com/digitalstreams	30	2017-07-28	47.1K",,,,
"Workout 2018	Playlists Daily	https://soundcloud.com/partyplaylists69	46	2018-10-28	27.5K",,,,
"Motivational Rap	Khushpreet Singh	https://soundcloud.com/khushpreet-singh-6	43	2014-11-22	51.1K",,,,
"Best Of MrRevillz	ilyana azman	https://soundcloud.com/ilyanaazman	134	2017-05-01	91.1K",,,,
"Workout Playlist - PURE ADRENALINE	MugaTunes	https://soundcloud.com/mugatunesofficial	15	2018-02-07	120K",,,,
"work out or get out.	maddieparrot	https://soundcloud.com/maddieparrot	45	2014-11-23	57.8K",,,,
"#JoinTheFitnation	Fitnation Egypt	https://soundcloud.com/fitnation-egypt	11	2016-11-28	67.7K",,,,
"pre work out 2017	user154907890	https://soundcloud.com/user154907890	12	2017-01-28	114K",,,,
"Run	YVK7	https://soundcloud.com/electro_selekta_project	15	2017-01-19	68.5K",,,,
"Best of Deep House (Vol. 02)	Westcoast Radio (EDM)	https://soundcloud.com/digitalstreams	15	2017-07-01	120K",,,,
"Best of Trap & Bass	Westcoast Radio	https://soundcloud.com/westcoastradiotv	15	2015-05-23	44.5K",,,,
"Workout- Rap/ Hip Hop	OTFworld	https://soundcloud.com/walia-harsimron	13	2015-04-30	69K",,,,
"sport motivation mood	Nathaxn	https://soundcloud.com/nathaxn	12	2016-10-29	30.7K",,,,
"PumpTheBeat.com Presents: Weekend Workout Vol. 17	Lowest Ends	https://soundcloud.com/lowestends	15	2015-08-04	16.9K",,,,
"#Workout #Electronic	Tere Mancha	https://soundcloud.com/tere-mancha	15	2014-05-22	21K",,,,
"Playlist 001 (Hard beats) - Gold's Gym Egypt	Golds' Gym Egypt Radio	https://soundcloud.com/goldsgymegypt	13	2015-12-07	90.3K",,,,
"Motivated Music - May 2016	FitnusLife	https://soundcloud.com/fitnuslife	15	2016-05-02	46K",,,,
EFC: Volume 21," 2017	Electric Flight Crew	https://soundcloud.com/electric-flight-crew	15	2017-05-20	15.2K",,,
"Best of Saxxy House (2020)	Westcoast Radio (EDM)	https://soundcloud.com/digitalstreams	15	2015-10-25	51K",,,,
"HARDCORE WORKOUT #1	SCI-MX Nutrition	https://soundcloud.com/sci-mx-nutrition	15	2015-09-01	9",567,,,
"They don't want us to work out	Josh Ahdoot	https://soundcloud.com/joshahdoot	15	2015-12-03	4",413,,,
"G	·∏æ·∂ô·∂ä·∂è·∫É·∂ì·µ≥ ·∏¶·∂∂·µ¥·∂ä·∂ê·µª·∂á·∂á	https://soundcloud.com/musawerhussain	11	2016-12-06	2",245,,,
EFC: Volume 44," 2017	Electric Flight Crew	https://soundcloud.com/electric-flight-crew	15	2017-10-30	2",137,,
"GYM	Moham∆éd Nag∆éb ‚ô´ ‚ô™‚ô™ ‚ô´	https://soundcloud.com/mohamed-nageb-3	12	2016-07-03	5",110,,,
"Motivated Music - July 2016	FitnusLife	https://soundcloud.com/fitnuslife	15	2016-07-07	10K",,,,
"PumpTheBeat.com Presents: Weekend Workout Vol. 4	Lowest Ends	https://soundcloud.com/lowestends	12	2014-12-27	32.1K",,,,
"Trap -A- Holics	Westcoast Radio (EDM)	https://soundcloud.com/digitalstreams	31	2016-02-05	13.5K",,,,
EFC: Volume 20," 2017	Electric Flight Crew	https://soundcloud.com/electric-flight-crew	15	2017-05-14	19.3K",,,
"Best of Tech House (2020)	Westcoast Radio (EDM)	https://soundcloud.com/digitalstreams	15	2016-01-26	42.4K",,,,
"Workout Playlist - March 2017 #BBGSouthAfrica	JHBeats	https://soundcloud.com/jhbeats-984518194	13	2017-03-21	1",859,,,
"Summer Vibes	ilovehanriver	https://soundcloud.com/hanriverlove	15	2020-04-13	2",720,,,
"Workout	DJ T√ÑG3R	https://soundcloud.com/dj-tag3r	15	2016-10-28	7",476,,,
"gym workout	Max Twiza	https://soundcloud.com/max-twiza	12	2016-09-28	1",425,,,
"Workout EDM 10	GusManke	https://soundcloud.com/gusmanke	15	2015-10-12	28.8K",,,,
"Workout	Mike Fecht	https://soundcloud.com/mike-fecht	15	2016-09-08	2",902,,,
"gym	Sherif Shabrawy 1	https://soundcloud.com/sherif-shabrawy-1	11	2017-02-14	3",151,,,
"TheSoundYouNeed	ilyana azman	https://soundcloud.com/ilyanaazman	15	2017-10-22	40.4K",,,,
EFC: Volume 12," 2017	Electric Flight Crew	https://soundcloud.com/electric-flight-crew	18	2017-03-18	20.9K",,,
"Best of House Music (Vol. 01)	Westcoast Radio (EDM)	https://soundcloud.com/digitalstreams	30	2015-02-22	79.7K",,,,
"Workout 1	midnite786	https://soundcloud.com/mohammed-waqas-anwar	12	2017-01-16	891",,,,
"chill your mind	User 101682266	https://soundcloud.com/tb3dvuqu1ugs	15	2019-07-26	4",321,,,
"#1 Workout MIX	Westcoast Radio (EDM)	https://soundcloud.com/digitalstreams	15	2017-10-02	19.9K",,,,
EFC: Volume 1," 2018	Electric Flight Crew	https://soundcloud.com/electric-flight-crew	13	2017-12-31	4",897,,
EFC: Volume 15," 2017	Electric Flight Crew	https://soundcloud.com/electric-flight-crew	20	2017-04-08	3",636,,
EFC: Volume 17," 2017	Electric Flight Crew	https://soundcloud.com/electric-flight-crew	15	2017-04-22	810",,,
EFC: Volume 19," 2017	Electric Flight Crew	https://soundcloud.com/electric-flight-crew	18	2017-05-06	4",98,,
"Freeletics Workout Playlist	Freeletics Official	https://soundcloud.com/freeletics-official	15	2015-01-07	2",824,,,
"workout	irandie anderson	https://soundcloud.com/irandie-anderson	7	2017-02-17	1",343,,,
"Workout	Yxng Martian	https://soundcloud.com/josiah-espino	12	2017-03-27	2",63,,,
"Billies Sleep Sounds	Billie Kihega	https://soundcloud.com/billie-kihega	13	2017-02-16	30.4K",,,,
"Relax '‚ô°'	ReH√†√ü ‚ô™‚ô™	https://soundcloud.com/rehab-mohammed	50	2017-01-19	64.4K",,,,
"Sleep healing sounds	Jean Claude 5	https://soundcloud.com/jean-claude-4	13	2015-11-26	64.3K",,,,
"lofi/sleep	repaintable	https://soundcloud.com/yourwaifusad	170	2019-05-09	81.8K",,,,
"Nhac spa	Helen Pham	https://soundcloud.com/helen-pham-17	20	2020-04-10	11.5K",,,,
"listen	Rayna Rose	https://soundcloud.com/rayna-rose	12	2016-06-26	12K",,,,
"Beautiful Sounds	BellaMendes	https://soundcloud.com/ellaendes	50	2015-06-08	51.5K",,,,
"cosy night autumn	lolovvveee2	https://soundcloud.com/lolollov2	14	2018-09-08	81.7K",,,,
"Summer Nights	Serene	https://soundcloud.com/user-909490133	53	2016-06-25	72.2K",,,,
"Warmth | An Acoustic Mix	ilyana azman	https://soundcloud.com/ilyanaazman	12	2018-09-10	9",359,,,
"jazzhip 7	soo	https://soundcloud.com/yourparadis	45	2019-03-02	110K",,,,
"chilling	2œò.	https://soundcloud.com/seven75-1	79	2015-06-25	27K",,,,
"Bed Bug Classic #2	Egemannen	https://soundcloud.com/egemannen	15	2014-12-08	45.8K",,,,
"Sleep	Kyler Smith1	https://soundcloud.com/kyler-smith1	45	2017-04-01	111K",,,,
"rainyday chill	soo	https://soundcloud.com/yourparadis	25	2019-06-17	17.9K",,,,
"jazzy night 2	User 101682266	https://soundcloud.com/tb3dvuqu1ugs	15	2019-10-04	29K",,,,
"Jazz hip	soo	https://soundcloud.com/yourparadis	14	2017-11-12	84.4K",,,,
"paradise	soo	https://soundcloud.com/yourparadis	33	2018-08-18	4",941,,,
"sunset lovers summer 2015&2014	kate linkous	https://soundcloud.com/katelinkous	35	2015-05-26	3",244,,,
"good night	Rina May Hilburn	https://soundcloud.com/rina-may-hilburn	17	2016-12-06	5",531,,,
"You are my autumn	ilovehanriver	https://soundcloud.com/hanriverlove	22	2020-09-03	1",349,,,
"Sad/Sleep songs	Marcelinethevampirequeen	https://soundcloud.com/freedskiers	11	2015-11-09	91.6K",,,,
"chill lo-fi	ilyana azman	https://soundcloud.com/ilyanaazman	25	2018-08-16	8",917,,,
Naruto | Chill Trap," Lofi Hip Hop Mix	ilyana azman	https://soundcloud.com/ilyanaazman	42	2018-08-19	10.4K",,,
"to help you sleep	jakewis	https://soundcloud.com/jakewis	19	2017-02-16	4",103,,,
"Best of Saxxy House (2020)	Westcoast Radio (EDM)	https://soundcloud.com/digitalstreams	40	2015-10-25	51K",,,,
"Rainy Days	SoiledLegs	https://soundcloud.com/soiledlegs	15	2015-05-18	8",577,,,
"warm winter night	lolovvveee2	https://soundcloud.com/lolollov2	19	2018-12-08	3",5,,,
"beauty inside	soo	https://soundcloud.com/yourparadis	21	2019-01-29	12.7K",,,,
"jazzy night	User 101682266	https://soundcloud.com/tb3dvuqu1ugs	14	2019-08-18	30.7K",,,,
"Late Night Lofi	ilyana azman	https://soundcloud.com/ilyanaazman	42	2017-08-14	35.4K",,,,
"catch some ZZZZZZ	Alex	https://soundcloud.com/alex-kirchens	75	2015-05-27	7",907,,,
"Jazz hip 6	soo	https://soundcloud.com/yourparadis	20	2018-12-11	42.9K",,,,
"Believe in the dream	and	https://soundcloud.com/cranky-wolves	13	2019-02-09	7",448,,,
"weed isn't allowed at rehab so I guess I'll listen to this instead	kate joss	https://soundcloud.com/kate-jb	13	2015-11-24	11.3K",,,,
"Eat.Sleep.Deep.Repeat.	SKŒõSH	https://soundcloud.com/scott-asher	24	2015-03-14	13.7K",,,,
"sleepy	stella rae	https://soundcloud.com/stellaraee	79	2014-11-12	18.4K",,,,
"with you	soo	https://soundcloud.com/yourparadis	22	2019-04-12	2",678,,,
"sleepless night	User 101682266	https://soundcloud.com/tb3dvuqu1ugs	24	2019-10-11	1",369,,,
"Best Of TheFatRat	ilyana azman	https://soundcloud.com/ilyanaazman	42	2017-11-08	4",81,,,
"midnight jazz	User 101682266	https://soundcloud.com/tb3dvuqu1ugs	15	2019-11-16	1",671,,,
"hold this	sketshori	https://soundcloud.com/sketshori	25	2017-03-24	23.2K",,,,
"Calm Night Sky	MrTeddy	https://soundcloud.com/mrteddy_us	19	2015-03-30	18.7K",,,,
"sing you to sleep	rayfair	https://soundcloud.com/rayfair	9	2015-03-11	31.5K",,,,
Chilling," sleeping	Polina Vlassova	https://soundcloud.com/xpolina	23	2015-09-12	3",215,,
"Sex Appeal Vol. 5	SoundSupply	https://soundcloud.com/soundsupply-tm	12	2015-02-08	13.4K",,,,
"sleep/sad	eefje	https://soundcloud.com/xeefje	14	2015-01-11	4",533,,,
"Feeling U Feeling Me xx	isabella	https://soundcloud.com/isabellaamente	26	2015-10-13	9",659,,,
"Sleep Playlist	Blythe tK	https://soundcloud.com/blythe-tk	15	2015-08-25	10.8K",,,,
Study, Chill, Relax," Gaming ~ Audible Adderall #15	MugaTunes	https://soundcloud.com/mugatunesofficial	60	2018-10-16	13.7K",
